{
  "generator-fountain-react": {
    "version": "1.0.0-rc1",
    "props": {
      "framework": "react",
      "modules": "webpack",
      "js": "babel",
      "ci": [],
      "css": "scss",
      "skipInstall": true,
      "resolved": "/Users/swiip/Workspace/FountainJS/fountain/generator-fountain-react/generators/app/index.js",
      "namespace": "fountain-react",
      "argv": {
        "remain": [],
        "cooked": [],
        "original": []
      },
      "sample": "techs",
      "router": "router"
    }
  }
}